"perm","id_1","id_2","name_1","name_2","lat_id_1","lon_id_1","lat_id_2","lon_id_2","distance"
way/701209222way/601388078,way/701209222,way/601388078,Stewart Field,Railroad Playground,40.7319938,-73.6159393,40.6494403,-73.9143004,34297.7
way/701209222way/496524239,way/701209222,way/496524239,Stewart Field,Halsey Pond Park,40.7319938,-73.6159393,41.0283515,-73.8587462,66141.3
way/701209222way/187680299,way/701209222,way/187680299,Stewart Field,Olmezer Park,40.7319938,-73.6159393,40.5504805,-74.3665681,102568
way/701209222way/469203131,way/701209222,way/469203131,Stewart Field,Joseph F. Mafera Park,40.7319938,-73.6159393,40.7070248,-73.8912414,35107.5
way/701209222way/334803989,way/701209222,way/334803989,Stewart Field,Civil War Monument Park,40.7319938,-73.6159393,40.9973838,-73.6682347,58529.3
way/701209222way/639082317,way/701209222,way/639082317,Stewart Field,Huddy Park,40.7319938,-73.6159393,40.4048161,-73.9942834,131733.5
way/701209222way/1180028681,way/701209222,way/1180028681,Stewart Field,Veterans Memorial Park,40.7319938,-73.6159393,40.8964486,-73.9731078,50134.1
way/701209222way/225189513,way/701209222,way/225189513,Stewart Field,Poor Richard's Playground,40.7319938,-73.6159393,40.7926185,-73.9426331,44611.8
way/701209222way/676105729,way/701209222,way/676105729,Stewart Field,,40.7319938,-73.6159393,40.7541286,-73.8249625,26739.1
way/701209222node/357637130,way/701209222,node/357637130,Stewart Field,Georgia Avenue Garden,40.7319938,-73.6159393,40.6611111,-73.8941667,31702.6
way/701209222node/357610721,way/701209222,node/357610721,Stewart Field,Veteran's Memorial Park,40.7319938,-73.6159393,41.0408397,-73.9819517,71987.6
way/701209222way/607557302,way/701209222,way/607557302,Stewart Field,,40.7319938,-73.6159393,40.6597213,-74.2520383,85819.8
way/701209222way/445852457,way/701209222,way/445852457,Stewart Field,Stein Field,40.7319938,-73.6159393,40.5969947,-74.2929807,92654.8
way/701209222relation/17283039,way/701209222,relation/17283039,Stewart Field,Nassau Mall,40.7319938,-73.6159393,40.7647537,-73.7250832,16369.3
way/701209222way/409831746,way/701209222,way/409831746,Stewart Field,Calvert Field,40.7319938,-73.6159393,40.8326797,-73.4920356,22364.7
way/701209222way/981858308,way/701209222,way/981858308,Stewart Field,,40.7319938,-73.6159393,40.7816228,-73.6743688,10276.9
way/701209222way/916885477,way/701209222,way/916885477,Stewart Field,,40.7319938,-73.6159393,40.840043,-73.7074015,20352.4
way/701209222way/367482920,way/701209222,way/367482920,Stewart Field,Sergeant Collins Triangle,40.7319938,-73.6159393,40.751779,-73.902945,33796.5
way/701209222way/755070460,way/701209222,way/755070460,Stewart Field,Nature Study Woods,40.7319938,-73.6159393,40.9356728,-73.8025819,48293
way/601388078way/701209222,way/601388078,way/701209222,Railroad Playground,Stewart Field,40.6494403,-73.9143004,40.7319938,-73.6159393,33929.6
way/601388078way/496524239,way/601388078,way/496524239,Railroad Playground,Halsey Pond Park,40.6494403,-73.9143004,41.0283515,-73.8587462,64751.5
way/601388078way/187680299,way/601388078,way/187680299,Railroad Playground,Olmezer Park,40.6494403,-73.9143004,40.5504805,-74.3665681,56804.1
way/601388078way/469203131,way/601388078,way/469203131,Railroad Playground,Joseph F. Mafera Park,40.6494403,-73.9143004,40.7070248,-73.8912414,9775.4
way/601388078way/334803989,way/601388078,way/334803989,Railroad Playground,Civil War Monument Park,40.6494403,-73.9143004,40.9973838,-73.6682347,58472.4
way/601388078way/639082317,way/601388078,way/639082317,Railroad Playground,Huddy Park,40.6494403,-73.9143004,40.4048161,-73.9942834,83316.8
way/601388078way/1180028681,way/601388078,way/1180028681,Railroad Playground,Veterans Memorial Park,40.6494403,-73.9143004,40.8964486,-73.9731078,48744.4
way/601388078way/225189513,way/601388078,way/225189513,Railroad Playground,Poor Richard's Playground,40.6494403,-73.9143004,40.7926185,-73.9426331,38641.5
way/601388078way/676105729,way/601388078,way/676105729,Railroad Playground,,40.6494403,-73.9143004,40.7541286,-73.8249625,24962.3
way/601388078node/357637130,way/601388078,node/357637130,Railroad Playground,Georgia Avenue Garden,40.6494403,-73.9143004,40.6611111,-73.8941667,3292.2
way/601388078node/357610721,way/601388078,node/357610721,Railroad Playground,Veteran's Memorial Park,40.6494403,-73.9143004,41.0408397,-73.9819517,70597.8
way/601388078way/607557302,way/601388078,way/607557302,Railroad Playground,,40.6494403,-73.9143004,40.6597213,-74.2520383,37669.9
way/601388078way/445852457,way/601388078,way/445852457,Railroad Playground,Stein Field,40.6494403,-73.9143004,40.5969947,-74.2929807,44323.9
way/601388078relation/17283039,way/601388078,relation/17283039,Railroad Playground,Nassau Mall,40.6494403,-73.9143004,40.7647537,-73.7250832,31441.9
way/601388078way/409831746,way/601388078,way/409831746,Railroad Playground,Calvert Field,40.6494403,-73.9143004,40.8326797,-73.4920356,58380.8
way/601388078way/981858308,way/601388078,way/981858308,Railroad Playground,,40.6494403,-73.9143004,40.7816228,-73.6743688,37006
way/601388078way/916885477,way/601388078,way/916885477,Railroad Playground,,40.6494403,-73.9143004,40.840043,-73.7074015,42853.5
way/601388078way/367482920,way/601388078,way/367482920,Railroad Playground,Sergeant Collins Triangle,40.6494403,-73.9143004,40.751779,-73.902945,29268.4
way/601388078way/755070460,way/601388078,way/755070460,Railroad Playground,Nature Study Woods,40.6494403,-73.9143004,40.9356728,-73.8025819,48236.1
way/496524239way/701209222,way/496524239,way/701209222,Halsey Pond Park,Stewart Field,41.0283515,-73.8587462,40.7319938,-73.6159393,65183.4
way/496524239way/601388078,way/496524239,way/601388078,Halsey Pond Park,Railroad Playground,41.0283515,-73.8587462,40.6494403,-73.9143004,64502.9
way/496524239way/187680299,way/496524239,way/187680299,Halsey Pond Park,Olmezer Park,41.0283515,-73.8587462,40.5504805,-74.3665681,88004.5
way/496524239way/469203131,way/496524239,way/469203131,Halsey Pond Park,Joseph F. Mafera Park,41.0283515,-73.8587462,40.7070248,-73.8912414,44610.8
way/496524239way/334803989,way/496524239,way/334803989,Halsey Pond Park,Civil War Monument Park,41.0283515,-73.8587462,40.9973838,-73.6682347,25404.3
way/496524239way/639082317,way/496524239,way/639082317,Halsey Pond Park,Huddy Park,41.0283515,-73.8587462,40.4048161,-73.9942834,117170
way/496524239way/1180028681,way/496524239,way/1180028681,Halsey Pond Park,Veterans Memorial Park,41.0283515,-73.8587462,40.8964486,-73.9731078,35570.6
way/496524239way/225189513,way/496524239,way/225189513,Halsey Pond Park,Poor Richard's Playground,41.0283515,-73.8587462,40.7926185,-73.9426331,32692.2
way/496524239way/676105729,way/496524239,way/676105729,Halsey Pond Park,,41.0283515,-73.8587462,40.7541286,-73.8249625,43140.1
way/496524239node/357637130,way/496524239,node/357637130,Halsey Pond Park,Georgia Avenue Garden,41.0283515,-73.8587462,40.6611111,-73.8941667,61907.8
way/496524239node/357610721,way/496524239,node/357610721,Halsey Pond Park,Veteran's Memorial Park,41.0283515,-73.8587462,41.0408397,-73.9819517,25419.5
way/496524239way/607557302,way/496524239,way/607557302,Halsey Pond Park,,41.0283515,-73.8587462,40.6597213,-74.2520383,71256.3
way/496524239way/445852457,way/496524239,way/445852457,Halsey Pond Park,Stein Field,41.0283515,-73.8587462,40.5969947,-74.2929807,78091.3
way/496524239relation/17283039,way/496524239,relation/17283039,Halsey Pond Park,Nassau Mall,41.0283515,-73.8587462,40.7647537,-73.7250832,51465.9
way/496524239way/409831746,way/496524239,way/409831746,Halsey Pond Park,Calvert Field,41.0283515,-73.8587462,40.8326797,-73.4920356,76308.1
way/496524239way/981858308,way/496524239,way/981858308,Halsey Pond Park,,41.0283515,-73.8587462,40.7816228,-73.6743688,57030.1
way/496524239way/916885477,way/496524239,way/916885477,Halsey Pond Park,,41.0283515,-73.8587462,40.840043,-73.7074015,62877.5
way/496524239way/367482920,way/496524239,way/367482920,Halsey Pond Park,Sergeant Collins Triangle,41.0283515,-73.8587462,40.751779,-73.902945,38632.3
way/496524239way/755070460,way/496524239,way/755070460,Halsey Pond Park,Nature Study Woods,41.0283515,-73.8587462,40.9356728,-73.8025819,20840.4
way/187680299way/701209222,way/187680299,way/701209222,Olmezer Park,Stewart Field,40.5504805,-74.3665681,40.7319938,-73.6159393,98990.1
way/187680299way/601388078,way/187680299,way/601388078,Olmezer Park,Railroad Playground,40.5504805,-74.3665681,40.6494403,-73.9143004,57275.5
way/187680299way/496524239,way/187680299,way/496524239,Olmezer Park,Halsey Pond Park,40.5504805,-74.3665681,41.0283515,-73.8587462,85668
way/187680299way/469203131,way/187680299,way/469203131,Olmezer Park,Joseph F. Mafera Park,40.5504805,-74.3665681,40.7070248,-73.8912414,62819.5
way/187680299way/334803989,way/187680299,way/334803989,Olmezer Park,Civil War Monument Park,40.5504805,-74.3665681,40.9973838,-73.6682347,95135.4
way/187680299way/639082317,way/187680299,way/639082317,Olmezer Park,Huddy Park,40.5504805,-74.3665681,40.4048161,-73.9942834,42942.8
way/187680299way/1180028681,way/187680299,way/1180028681,Olmezer Park,Veterans Memorial Park,40.5504805,-74.3665681,40.8964486,-73.9731078,58913.4
way/187680299way/225189513,way/187680299,way/225189513,Olmezer Park,Poor Richard's Playground,40.5504805,-74.3665681,40.7926185,-73.9426331,67260
way/187680299way/676105729,way/187680299,way/676105729,Olmezer Park,,40.5504805,-74.3665681,40.7541286,-73.8249625,76946.8
way/187680299node/357637130,way/187680299,node/357637130,Olmezer Park,Georgia Avenue Garden,40.5504805,-74.3665681,40.6611111,-73.8941667,59659.4
way/187680299node/357610721,way/187680299,node/357610721,Olmezer Park,Veteran's Memorial Park,40.5504805,-74.3665681,41.0408397,-73.9819517,80766.9
way/187680299way/607557302,way/187680299,way/607557302,Olmezer Park,,40.5504805,-74.3665681,40.6597213,-74.2520383,18103.8
way/187680299way/445852457,way/187680299,way/445852457,Olmezer Park,Stein Field,40.5504805,-74.3665681,40.5969947,-74.2929807,9651.1
way/187680299relation/17283039,way/187680299,relation/17283039,Olmezer Park,Nassau Mall,40.5504805,-74.3665681,40.7647537,-73.7250832,85272.6
way/187680299way/409831746,way/187680299,way/409831746,Olmezer Park,Calvert Field,40.5504805,-74.3665681,40.8326797,-73.4920356,110114.8
way/187680299way/981858308,way/187680299,way/981858308,Olmezer Park,,40.5504805,-74.3665681,40.7816228,-73.6743688,90836.7
way/187680299way/916885477,way/187680299,way/916885477,Olmezer Park,,40.5504805,-74.3665681,40.840043,-73.7074015,96684.2
way/187680299way/367482920,way/187680299,way/367482920,Olmezer Park,Sergeant Collins Triangle,40.5504805,-74.3665681,40.751779,-73.902945,73200.1
way/187680299way/755070460,way/187680299,way/755070460,Olmezer Park,Nature Study Woods,40.5504805,-74.3665681,40.9356728,-73.8025819,79924.8
way/469203131way/701209222,way/469203131,way/701209222,Joseph F. Mafera Park,Stewart Field,40.7070248,-73.8912414,40.7319938,-73.6159393,32870.3
way/469203131way/601388078,way/469203131,way/601388078,Joseph F. Mafera Park,Railroad Playground,40.7070248,-73.8912414,40.6494403,-73.9143004,9812.2
way/469203131way/496524239,way/469203131,way/496524239,Joseph F. Mafera Park,Halsey Pond Park,40.7070248,-73.8912414,41.0283515,-73.8587462,44695.1
way/469203131way/187680299,way/469203131,way/187680299,Joseph F. Mafera Park,Olmezer Park,40.7070248,-73.8912414,40.5504805,-74.3665681,62434.7
way/469203131way/334803989,way/469203131,way/334803989,Joseph F. Mafera Park,Civil War Monument Park,40.7070248,-73.8912414,40.9973838,-73.6682347,50152.5
way/469203131way/639082317,way/469203131,way/639082317,Joseph F. Mafera Park,Huddy Park,40.7070248,-73.8912414,40.4048161,-73.9942834,88947.3
way/469203131way/1180028681,way/469203131,way/1180028681,Joseph F. Mafera Park,Veterans Memorial Park,40.7070248,-73.8912414,40.8964486,-73.9731078,28671
way/469203131way/225189513,way/469203131,way/225189513,Joseph F. Mafera Park,Poor Richard's Playground,40.7070248,-73.8912414,40.7926185,-73.9426331,15040
way/469203131way/676105729,way/469203131,way/676105729,Joseph F. Mafera Park,,40.7070248,-73.8912414,40.7541286,-73.8249625,16642.4
way/469203131node/357637130,way/469203131,node/357637130,Joseph F. Mafera Park,Georgia Avenue Garden,40.7070248,-73.8912414,40.6611111,-73.8941667,8406.5
way/469203131node/357610721,way/469203131,node/357610721,Joseph F. Mafera Park,Veteran's Memorial Park,40.7070248,-73.8912414,41.0408397,-73.9819517,50524.4
way/469203131way/607557302,way/469203131,way/607557302,Joseph F. Mafera Park,,40.7070248,-73.8912414,40.6597213,-74.2520383,43300.4
way/469203131way/445852457,way/469203131,way/445852457,Joseph F. Mafera Park,Stein Field,40.7070248,-73.8912414,40.5969947,-74.2929807,49954.5
way/469203131relation/17283039,way/469203131,relation/17283039,Joseph F. Mafera Park,Nassau Mall,40.7070248,-73.8912414,40.7647537,-73.7250832,19152.8
way/469203131way/409831746,way/469203131,way/409831746,Joseph F. Mafera Park,Calvert Field,40.7070248,-73.8912414,40.8326797,-73.4920356,43995
way/469203131way/981858308,way/469203131,way/981858308,Joseph F. Mafera Park,,40.7070248,-73.8912414,40.7816228,-73.6743688,24716.9
way/469203131way/916885477,way/469203131,way/916885477,Joseph F. Mafera Park,,40.7070248,-73.8912414,40.840043,-73.7074015,30564.4
way/469203131way/367482920,way/469203131,way/367482920,Joseph F. Mafera Park,Sergeant Collins Triangle,40.7070248,-73.8912414,40.751779,-73.902945,6656.3
way/469203131way/755070460,way/469203131,way/755070460,Joseph F. Mafera Park,Nature Study Woods,40.7070248,-73.8912414,40.9356728,-73.8025819,39916.2
way/334803989way/701209222,way/334803989,way/701209222,Civil War Monument Park,Stewart Field,40.9973838,-73.6682347,40.7319938,-73.6159393,56750.7
way/334803989way/601388078,way/334803989,way/601388078,Civil War Monument Park,Railroad Playground,40.9973838,-73.6682347,40.6494403,-73.9143004,57913.1
way/334803989way/496524239,way/334803989,way/496524239,Civil War Monument Park,Halsey Pond Park,40.9973838,-73.6682347,41.0283515,-73.8587462,25783.1
way/334803989way/187680299,way/334803989,way/187680299,Civil War Monument Park,Olmezer Park,40.9973838,-73.6682347,40.5504805,-74.3665681,96781.8
way/334803989way/469203131,way/334803989,way/469203131,Civil War Monument Park,Joseph F. Mafera Park,40.9973838,-73.6682347,40.7070248,-73.8912414,50076.4
way/334803989way/639082317,way/334803989,way/639082317,Civil War Monument Park,Huddy Park,40.9973838,-73.6682347,40.4048161,-73.9942834,125947.3
way/334803989way/1180028681,way/334803989,way/1180028681,Civil War Monument Park,Veterans Memorial Park,40.9973838,-73.6682347,40.8964486,-73.9731078,44347.9
way/334803989way/225189513,way/334803989,way/225189513,Civil War Monument Park,Poor Richard's Playground,40.9973838,-73.6682347,40.7926185,-73.9426331,38814.4
way/334803989way/676105729,way/334803989,way/676105729,Civil War Monument Park,,40.9973838,-73.6682347,40.7541286,-73.8249625,36550.3
way/334803989node/357637130,way/334803989,node/357637130,Civil War Monument Park,Georgia Avenue Garden,40.9973838,-73.6682347,40.6611111,-73.8941667,55318
way/334803989node/357610721,way/334803989,node/357610721,Civil War Monument Park,Veteran's Memorial Park,40.9973838,-73.6682347,41.0408397,-73.9819517,40183.6
way/334803989way/607557302,way/334803989,way/607557302,Civil War Monument Park,,40.9973838,-73.6682347,40.6597213,-74.2520383,80033.6
way/334803989way/445852457,way/334803989,way/445852457,Civil War Monument Park,Stein Field,40.9973838,-73.6682347,40.5969947,-74.2929807,86868.6
way/334803989relation/17283039,way/334803989,relation/17283039,Civil War Monument Park,Nassau Mall,40.9973838,-73.6682347,40.7647537,-73.7250832,43033.2
way/334803989way/409831746,way/334803989,way/409831746,Civil War Monument Park,Calvert Field,40.9973838,-73.6682347,40.8326797,-73.4920356,67875.4
way/334803989way/981858308,way/334803989,way/981858308,Civil War Monument Park,,40.9973838,-73.6682347,40.7816228,-73.6743688,48597.3
way/334803989way/916885477,way/334803989,way/916885477,Civil War Monument Park,,40.9973838,-73.6682347,40.840043,-73.7074015,54444.8
way/334803989way/367482920,way/334803989,way/367482920,Civil War Monument Park,Sergeant Collins Triangle,40.9973838,-73.6682347,40.751779,-73.902945,42240.6
way/334803989way/755070460,way/334803989,way/755070460,Civil War Monument Park,Nature Study Woods,40.9973838,-73.6682347,40.9356728,-73.8025819,18001.5
way/639082317way/701209222,way/639082317,way/701209222,Huddy Park,Stewart Field,40.4048161,-73.9942834,40.7319938,-73.6159393,127659.7
way/639082317way/601388078,way/639082317,way/601388078,Huddy Park,Railroad Playground,40.4048161,-73.9942834,40.6494403,-73.9143004,82815.2
way/639082317way/496524239,way/639082317,way/496524239,Huddy Park,Halsey Pond Park,40.4048161,-73.9942834,41.0283515,-73.8587462,114337.7
way/639082317way/187680299,way/639082317,way/187680299,Huddy Park,Olmezer Park,40.4048161,-73.9942834,40.5504805,-74.3665681,42961
way/639082317way/469203131,way/639082317,way/469203131,Huddy Park,Joseph F. Mafera Park,40.4048161,-73.9942834,40.7070248,-73.8912414,88359.1
way/639082317way/334803989,way/639082317,way/334803989,Huddy Park,Civil War Monument Park,40.4048161,-73.9942834,40.9973838,-73.6682347,123805.1
way/639082317way/1180028681,way/639082317,way/1180028681,Huddy Park,Veterans Memorial Park,40.4048161,-73.9942834,40.8964486,-73.9731078,87583.1
way/639082317way/225189513,way/639082317,way/225189513,Huddy Park,Poor Richard's Playground,40.4048161,-73.9942834,40.7926185,-73.9426331,95929.6
way/639082317way/676105729,way/639082317,way/676105729,Huddy Park,,40.4048161,-73.9942834,40.7541286,-73.8249625,105616.5
way/639082317node/357637130,way/639082317,node/357637130,Huddy Park,Georgia Avenue Garden,40.4048161,-73.9942834,40.6611111,-73.8941667,85199
way/639082317node/357610721,way/639082317,node/357610721,Huddy Park,Veteran's Memorial Park,40.4048161,-73.9942834,41.0408397,-73.9819517,109436.5
way/639082317way/607557302,way/639082317,way/607557302,Huddy Park,,40.4048161,-73.9942834,40.6597213,-74.2520383,54211.1
way/639082317way/445852457,way/639082317,way/445852457,Huddy Park,Stein Field,40.4048161,-73.9942834,40.5969947,-74.2929807,43621.3
way/639082317relation/17283039,way/639082317,relation/17283039,Huddy Park,Nassau Mall,40.4048161,-73.9942834,40.7647537,-73.7250832,113942.3
way/639082317way/409831746,way/639082317,way/409831746,Huddy Park,Calvert Field,40.4048161,-73.9942834,40.8326797,-73.4920356,138784.5
way/639082317way/981858308,way/639082317,way/981858308,Huddy Park,,40.4048161,-73.9942834,40.7816228,-73.6743688,119506.4
way/639082317way/916885477,way/639082317,way/916885477,Huddy Park,,40.4048161,-73.9942834,40.840043,-73.7074015,125353.9
way/639082317way/367482920,way/639082317,way/367482920,Huddy Park,Sergeant Collins Triangle,40.4048161,-73.9942834,40.751779,-73.902945,101869.7
way/639082317way/755070460,way/639082317,way/755070460,Huddy Park,Nature Study Woods,40.4048161,-73.9942834,40.9356728,-73.8025819,108594.5
way/1180028681way/701209222,way/1180028681,way/701209222,Veterans Memorial Park,Stewart Field,40.8964486,-73.9731078,40.7319938,-73.6159393,48811.5
way/1180028681way/601388078,way/1180028681,way/601388078,Veterans Memorial Park,Railroad Playground,40.8964486,-73.9731078,40.6494403,-73.9143004,48131
way/1180028681way/496524239,way/1180028681,way/496524239,Veterans Memorial Park,Halsey Pond Park,40.8964486,-73.9731078,41.0283515,-73.8587462,35489.4
way/1180028681way/187680299,way/1180028681,way/187680299,Veterans Memorial Park,Olmezer Park,40.8964486,-73.9731078,40.5504805,-74.3665681,59645.3
way/1180028681way/469203131,way/1180028681,way/469203131,Veterans Memorial Park,Joseph F. Mafera Park,40.8964486,-73.9731078,40.7070248,-73.8912414,29000
way/1180028681way/334803989,way/1180028681,way/334803989,Veterans Memorial Park,Civil War Monument Park,40.8964486,-73.9731078,40.9973838,-73.6682347,44956.8
way/1180028681way/639082317,way/1180028681,way/639082317,Veterans Memorial Park,Huddy Park,40.8964486,-73.9731078,40.4048161,-73.9942834,88810.8
way/1180028681way/225189513,way/1180028681,way/225189513,Veterans Memorial Park,Poor Richard's Playground,40.8964486,-73.9731078,40.7926185,-73.9426331,17081.3
way/1180028681way/676105729,way/1180028681,way/676105729,Veterans Memorial Park,,40.8964486,-73.9731078,40.7541286,-73.8249625,26768.2
way/1180028681node/357637130,way/1180028681,node/357637130,Veterans Memorial Park,Georgia Avenue Garden,40.8964486,-73.9731078,40.6611111,-73.8941667,45535.9
way/1180028681node/357610721,way/1180028681,node/357610721,Veterans Memorial Park,Veteran's Memorial Park,40.8964486,-73.9731078,41.0408397,-73.9819517,22824.8
way/1180028681way/607557302,way/1180028681,way/607557302,Veterans Memorial Park,,40.8964486,-73.9731078,40.6597213,-74.2520383,42897.1
way/1180028681way/445852457,way/1180028681,way/445852457,Veterans Memorial Park,Stein Field,40.8964486,-73.9731078,40.5969947,-74.2929807,49732.1
way/1180028681relation/17283039,way/1180028681,relation/17283039,Veterans Memorial Park,Nassau Mall,40.8964486,-73.9731078,40.7647537,-73.7250832,35094
way/1180028681way/409831746,way/1180028681,way/409831746,Veterans Memorial Park,Calvert Field,40.8964486,-73.9731078,40.8326797,-73.4920356,59936.2
way/1180028681way/981858308,way/1180028681,way/981858308,Veterans Memorial Park,,40.8964486,-73.9731078,40.7816228,-73.6743688,40658.1
way/1180028681way/916885477,way/1180028681,way/916885477,Veterans Memorial Park,,40.8964486,-73.9731078,40.840043,-73.7074015,46505.6
way/1180028681way/367482920,way/1180028681,way/367482920,Veterans Memorial Park,Sergeant Collins Triangle,40.8964486,-73.9731078,40.751779,-73.902945,23021.5
way/1180028681way/755070460,way/1180028681,way/755070460,Veterans Memorial Park,Nature Study Woods,40.8964486,-73.9731078,40.9356728,-73.8025819,29746.2
way/225189513way/701209222,way/225189513,way/701209222,Poor Richard's Playground,Stewart Field,40.7926185,-73.9426331,40.7319938,-73.6159393,42163
way/225189513way/601388078,way/225189513,way/601388078,Poor Richard's Playground,Railroad Playground,40.7926185,-73.9426331,40.6494403,-73.9143004,36922.5
way/225189513way/496524239,way/225189513,way/496524239,Poor Richard's Playground,Halsey Pond Park,40.7926185,-73.9426331,41.0283515,-73.8587462,32989.3
way/225189513way/187680299,way/225189513,way/187680299,Poor Richard's Playground,Olmezer Park,40.7926185,-73.9426331,40.5504805,-74.3665681,69399
way/225189513way/469203131,way/225189513,way/469203131,Poor Richard's Playground,Joseph F. Mafera Park,40.7926185,-73.9426331,40.7070248,-73.8912414,15653.4
way/225189513way/334803989,way/225189513,way/334803989,Poor Richard's Playground,Civil War Monument Park,40.7926185,-73.9426331,40.9973838,-73.6682347,38311.2
way/225189513way/639082317,way/225189513,way/639082317,Poor Richard's Playground,Huddy Park,40.7926185,-73.9426331,40.4048161,-73.9942834,98564.5
way/225189513way/1180028681,way/225189513,way/1180028681,Poor Richard's Playground,Veterans Memorial Park,40.7926185,-73.9426331,40.8964486,-73.9731078,16965.1
way/225189513way/676105729,way/225189513,way/676105729,Poor Richard's Playground,,40.7926185,-73.9426331,40.7541286,-73.8249625,16272.1
way/225189513node/357637130,way/225189513,node/357637130,Poor Richard's Playground,Georgia Avenue Garden,40.7926185,-73.9426331,40.6611111,-73.8941667,34327.4
way/225189513node/357610721,way/225189513,node/357610721,Poor Richard's Playground,Veteran's Memorial Park,40.7926185,-73.9426331,41.0408397,-73.9819517,38818.6
way/225189513way/607557302,way/225189513,way/607557302,Poor Richard's Playground,,40.7926185,-73.9426331,40.6597213,-74.2520383,52650.8
way/225189513way/445852457,way/225189513,way/445852457,Poor Richard's Playground,Stein Field,40.7926185,-73.9426331,40.5969947,-74.2929807,59485.8
way/225189513relation/17283039,way/225189513,relation/17283039,Poor Richard's Playground,Nassau Mall,40.7926185,-73.9426331,40.7647537,-73.7250832,28445.5
way/225189513way/409831746,way/225189513,way/409831746,Poor Richard's Playground,Calvert Field,40.7926185,-73.9426331,40.8326797,-73.4920356,53287.7
way/225189513way/981858308,way/225189513,way/981858308,Poor Richard's Playground,,40.7926185,-73.9426331,40.7816228,-73.6743688,34009.7
way/225189513way/916885477,way/225189513,way/916885477,Poor Richard's Playground,,40.7926185,-73.9426331,40.840043,-73.7074015,39857.1
way/225189513way/367482920,way/225189513,way/367482920,Poor Richard's Playground,Sergeant Collins Triangle,40.7926185,-73.9426331,40.751779,-73.902945,9674.9
way/225189513way/755070460,way/225189513,way/755070460,Poor Richard's Playground,Nature Study Woods,40.7926185,-73.9426331,40.9356728,-73.8025819,28075
way/676105729way/701209222,way/676105729,way/701209222,,Stewart Field,40.7541286,-73.8249625,40.7319938,-73.6159393,24603
way/676105729way/601388078,way/676105729,way/601388078,,Railroad Playground,40.7541286,-73.8249625,40.6494403,-73.9143004,24789.2
way/676105729way/496524239,way/676105729,way/496524239,,Halsey Pond Park,40.7541286,-73.8249625,41.0283515,-73.8587462,42787.2
way/676105729way/187680299,way/676105729,way/187680299,,Olmezer Park,40.7541286,-73.8249625,40.5504805,-74.3665681,79213.9
way/676105729way/469203131,way/676105729,way/469203131,,Joseph F. Mafera Park,40.7541286,-73.8249625,40.7070248,-73.8912414,13938.8
way/676105729way/334803989,way/676105729,way/334803989,,Civil War Monument Park,40.7541286,-73.8249625,40.9973838,-73.6682347,36508.1
way/676105729way/639082317,way/676105729,way/639082317,,Huddy Park,40.7541286,-73.8249625,40.4048161,-73.9942834,108379.5
way/676105729way/1180028681,way/676105729,way/1180028681,,Veterans Memorial Park,40.7541286,-73.8249625,40.8964486,-73.9731078,26780.1
way/676105729way/225189513,way/676105729,way/225189513,,Poor Richard's Playground,40.7541286,-73.8249625,40.7926185,-73.9426331,17111.6
way/676105729node/357637130,way/676105729,node/357637130,,Georgia Avenue Garden,40.7541286,-73.8249625,40.6611111,-73.8941667,22194.1
way/676105729node/357610721,way/676105729,node/357610721,,Veteran's Memorial Park,40.7541286,-73.8249625,41.0408397,-73.9819517,48633.5
way/676105729way/607557302,way/676105729,way/607557302,,,40.7541286,-73.8249625,40.6597213,-74.2520383,62465.8
way/676105729way/445852457,way/676105729,way/445852457,,Stein Field,40.7541286,-73.8249625,40.5969947,-74.2929807,69300.7
way/676105729relation/17283039,way/676105729,relation/17283039,,Nassau Mall,40.7541286,-73.8249625,40.7647537,-73.7250832,10885.5
way/676105729way/409831746,way/676105729,way/409831746,,Calvert Field,40.7541286,-73.8249625,40.8326797,-73.4920356,35727.7
way/676105729way/981858308,way/676105729,way/981858308,,,40.7541286,-73.8249625,40.7816228,-73.6743688,16449.6
way/676105729way/916885477,way/676105729,way/916885477,,,40.7541286,-73.8249625,40.840043,-73.7074015,22297.1
way/676105729way/367482920,way/676105729,way/367482920,,Sergeant Collins Triangle,40.7541286,-73.8249625,40.751779,-73.902945,7738.4
way/676105729way/755070460,way/676105729,way/755070460,,Nature Study Woods,40.7541286,-73.8249625,40.9356728,-73.8025819,26271.8
node/357637130way/701209222,node/357637130,way/701209222,Georgia Avenue Garden,Stewart Field,40.6611111,-73.8941667,40.7319938,-73.6159393,31725.3
node/357637130way/601388078,node/357637130,way/601388078,Georgia Avenue Garden,Railroad Playground,40.6611111,-73.8941667,40.6494403,-73.9143004,3654.1
node/357637130way/496524239,node/357637130,way/496524239,Georgia Avenue Garden,Halsey Pond Park,40.6611111,-73.8941667,41.0283515,-73.8587462,62547.2
node/357637130way/187680299,node/357637130,way/187680299,Georgia Avenue Garden,Olmezer Park,40.6611111,-73.8941667,40.5504805,-74.3665681,59333.8
node/357637130way/469203131,node/357637130,way/469203131,Georgia Avenue Garden,Joseph F. Mafera Park,40.6611111,-73.8941667,40.7070248,-73.8912414,8404.7
node/357637130way/334803989,node/357637130,way/334803989,Georgia Avenue Garden,Civil War Monument Park,40.6611111,-73.8941667,40.9973838,-73.6682347,56268.1
node/357637130way/639082317,node/357637130,way/639082317,Georgia Avenue Garden,Huddy Park,40.6611111,-73.8941667,40.4048161,-73.9942834,85846.4
node/357637130way/1180028681,node/357637130,way/1180028681,Georgia Avenue Garden,Veterans Memorial Park,40.6611111,-73.8941667,40.8964486,-73.9731078,46540.1
node/357637130way/225189513,node/357637130,way/225189513,Georgia Avenue Garden,Poor Richard's Playground,40.6611111,-73.8941667,40.7926185,-73.9426331,36437.2
node/357637130way/676105729,node/357637130,way/676105729,Georgia Avenue Garden,,40.6611111,-73.8941667,40.7541286,-73.8249625,22758
node/357637130node/357610721,node/357637130,node/357610721,Georgia Avenue Garden,Veteran's Memorial Park,40.6611111,-73.8941667,41.0408397,-73.9819517,68393.5
node/357637130way/607557302,node/357637130,way/607557302,Georgia Avenue Garden,,40.6611111,-73.8941667,40.6597213,-74.2520383,40199.5
node/357637130way/445852457,node/357637130,way/445852457,Georgia Avenue Garden,Stein Field,40.6611111,-73.8941667,40.5969947,-74.2929807,46853.5
node/357637130relation/17283039,node/357637130,relation/17283039,Georgia Avenue Garden,Nassau Mall,40.6611111,-73.8941667,40.7647537,-73.7250832,29237.5
node/357637130way/409831746,node/357637130,way/409831746,Georgia Avenue Garden,Calvert Field,40.6611111,-73.8941667,40.8326797,-73.4920356,56176.5
node/357637130way/981858308,node/357637130,way/981858308,Georgia Avenue Garden,,40.6611111,-73.8941667,40.7816228,-73.6743688,34801.7
node/357637130way/916885477,node/357637130,way/916885477,Georgia Avenue Garden,,40.6611111,-73.8941667,40.840043,-73.7074015,40649.1
node/357637130way/367482920,node/357637130,way/367482920,Georgia Avenue Garden,Sergeant Collins Triangle,40.6611111,-73.8941667,40.751779,-73.902945,27064.1
node/357637130way/755070460,node/357637130,way/755070460,Georgia Avenue Garden,Nature Study Woods,40.6611111,-73.8941667,40.9356728,-73.8025819,46031.8
node/357610721way/701209222,node/357610721,way/701209222,Veteran's Memorial Park,Stewart Field,41.0408397,-73.9819517,40.7319938,-73.6159393,70872.2
node/357610721way/601388078,node/357610721,way/601388078,Veteran's Memorial Park,Railroad Playground,41.0408397,-73.9819517,40.6494403,-73.9143004,70191.7
node/357610721way/496524239,node/357610721,way/496524239,Veteran's Memorial Park,Halsey Pond Park,41.0408397,-73.9819517,41.0283515,-73.8587462,23646.9
node/357610721way/187680299,node/357610721,way/187680299,Veteran's Memorial Park,Olmezer Park,41.0408397,-73.9819517,40.5504805,-74.3665681,81706
node/357610721way/469203131,node/357610721,way/469203131,Veteran's Memorial Park,Joseph F. Mafera Park,41.0408397,-73.9819517,40.7070248,-73.8912414,51060.7
node/357610721way/334803989,node/357610721,way/334803989,Veteran's Memorial Park,Civil War Monument Park,41.0408397,-73.9819517,40.9973838,-73.6682347,38739.4
node/357610721way/639082317,node/357610721,way/639082317,Veteran's Memorial Park,Huddy Park,41.0408397,-73.9819517,40.4048161,-73.9942834,110871.5
node/357610721way/1180028681,node/357610721,way/1180028681,Veteran's Memorial Park,Veterans Memorial Park,41.0408397,-73.9819517,40.8964486,-73.9731078,22676.5
node/357610721way/225189513,node/357610721,way/225189513,Veteran's Memorial Park,Poor Richard's Playground,41.0408397,-73.9819517,40.7926185,-73.9426331,39142.1
node/357610721way/676105729,node/357610721,way/676105729,Veteran's Memorial Park,,41.0408397,-73.9819517,40.7541286,-73.8249625,48828.9
node/357610721node/357637130,node/357610721,node/357637130,Veteran's Memorial Park,Georgia Avenue Garden,41.0408397,-73.9819517,40.6611111,-73.8941667,67596.6
node/357610721way/607557302,node/357610721,way/607557302,Veteran's Memorial Park,,41.0408397,-73.9819517,40.6597213,-74.2520383,64957.8
node/357610721way/445852457,node/357610721,way/445852457,Veteran's Memorial Park,Stein Field,41.0408397,-73.9819517,40.5969947,-74.2929807,71792.8
node/357610721relation/17283039,node/357610721,relation/17283039,Veteran's Memorial Park,Nassau Mall,41.0408397,-73.9819517,40.7647537,-73.7250832,57154.8
node/357610721way/409831746,node/357610721,way/409831746,Veteran's Memorial Park,Calvert Field,41.0408397,-73.9819517,40.8326797,-73.4920356,81997
node/357610721way/981858308,node/357610721,way/981858308,Veteran's Memorial Park,,41.0408397,-73.9819517,40.7816228,-73.6743688,62718.9
node/357610721way/916885477,node/357610721,way/916885477,Veteran's Memorial Park,,41.0408397,-73.9819517,40.840043,-73.7074015,68566.4
node/357610721way/367482920,node/357610721,way/367482920,Veteran's Memorial Park,Sergeant Collins Triangle,41.0408397,-73.9819517,40.751779,-73.902945,45082.2
node/357610721way/755070460,node/357610721,way/755070460,Veteran's Memorial Park,Nature Study Woods,41.0408397,-73.9819517,40.9356728,-73.8025819,42291.4
way/607557302way/701209222,way/607557302,way/701209222,,Stewart Field,40.6597213,-74.2520383,40.7319938,-73.6159393,82075.5
way/607557302way/601388078,way/607557302,way/601388078,,Railroad Playground,40.6597213,-74.2520383,40.6494403,-73.9143004,37767.9
way/607557302way/496524239,way/607557302,way/496524239,,Halsey Pond Park,40.6597213,-74.2520383,41.0283515,-73.8587462,68753.5
way/607557302way/187680299,way/607557302,way/187680299,,Olmezer Park,40.6597213,-74.2520383,40.5504805,-74.3665681,18103.8
way/607557302way/469203131,way/607557302,way/469203131,,Joseph F. Mafera Park,40.6597213,-74.2520383,40.7070248,-73.8912414,43311.8
way/607557302way/334803989,way/607557302,way/334803989,,Civil War Monument Park,40.6597213,-74.2520383,40.9973838,-73.6682347,78220.9
way/607557302way/639082317,way/607557302,way/639082317,,Huddy Park,40.6597213,-74.2520383,40.4048161,-73.9942834,54214.4
way/607557302way/1180028681,way/607557302,way/1180028681,,Veterans Memorial Park,40.6597213,-74.2520383,40.8964486,-73.9731078,41998.9
way/607557302way/225189513,way/607557302,way/225189513,,Poor Richard's Playground,40.6597213,-74.2520383,40.7926185,-73.9426331,50345.4
way/607557302way/676105729,way/607557302,way/676105729,,,40.6597213,-74.2520383,40.7541286,-73.8249625,60032.3
way/607557302node/357637130,way/607557302,node/357637130,,Georgia Avenue Garden,40.6597213,-74.2520383,40.6611111,-73.8941667,40151.7
way/607557302node/357610721,way/607557302,node/357610721,,Veteran's Memorial Park,40.6597213,-74.2520383,41.0408397,-73.9819517,63852.3
way/607557302way/445852457,way/607557302,way/445852457,,Stein Field,40.6597213,-74.2520383,40.5969947,-74.2929807,8878.2
way/607557302relation/17283039,way/607557302,relation/17283039,,Nassau Mall,40.6597213,-74.2520383,40.7647537,-73.7250832,68358.1
way/607557302way/409831746,way/607557302,way/409831746,,Calvert Field,40.6597213,-74.2520383,40.8326797,-73.4920356,93200.3
way/607557302way/981858308,way/607557302,way/981858308,,,40.6597213,-74.2520383,40.7816228,-73.6743688,73922.2
way/607557302way/916885477,way/607557302,way/916885477,,,40.6597213,-74.2520383,40.840043,-73.7074015,79769.7
way/607557302way/367482920,way/607557302,way/367482920,,Sergeant Collins Triangle,40.6597213,-74.2520383,40.751779,-73.902945,56285.5
way/607557302way/755070460,way/607557302,way/755070460,,Nature Study Woods,40.6597213,-74.2520383,40.9356728,-73.8025819,63010.3
way/445852457way/701209222,way/445852457,way/701209222,Stein Field,Stewart Field,40.5969947,-74.2929807,40.7319938,-73.6159393,87848.6
way/445852457way/601388078,way/445852457,way/601388078,Stein Field,Railroad Playground,40.5969947,-74.2929807,40.6494403,-73.9143004,43801.3
way/445852457way/496524239,way/445852457,way/496524239,Stein Field,Halsey Pond Park,40.5969947,-74.2929807,41.0283515,-73.8587462,74526.6
way/445852457way/187680299,way/445852457,way/187680299,Stein Field,Olmezer Park,40.5969947,-74.2929807,40.5504805,-74.3665681,9651.1
way/445852457way/469203131,way/445852457,way/469203131,Stein Field,Joseph F. Mafera Park,40.5969947,-74.2929807,40.7070248,-73.8912414,49345.3
way/445852457way/334803989,way/445852457,way/334803989,Stein Field,Civil War Monument Park,40.5969947,-74.2929807,40.9973838,-73.6682347,83994
way/445852457way/639082317,way/445852457,way/639082317,Stein Field,Huddy Park,40.5969947,-74.2929807,40.4048161,-73.9942834,43334.1
way/445852457way/1180028681,way/445852457,way/1180028681,Stein Field,Veterans Memorial Park,40.5969947,-74.2929807,40.8964486,-73.9731078,47772
way/445852457way/225189513,way/445852457,way/225189513,Stein Field,Poor Richard's Playground,40.5969947,-74.2929807,40.7926185,-73.9426331,56118.5
way/445852457way/676105729,way/445852457,way/676105729,Stein Field,,40.5969947,-74.2929807,40.7541286,-73.8249625,65805.3
way/445852457node/357637130,way/445852457,node/357637130,Stein Field,Georgia Avenue Garden,40.5969947,-74.2929807,40.6611111,-73.8941667,46185.2
way/445852457node/357610721,way/445852457,node/357610721,Stein Field,Veteran's Memorial Park,40.5969947,-74.2929807,41.0408397,-73.9819517,69625.4
way/445852457way/607557302,way/445852457,way/607557302,Stein Field,,40.5969947,-74.2929807,40.6597213,-74.2520383,8878.2
way/445852457relation/17283039,way/445852457,relation/17283039,Stein Field,Nassau Mall,40.5969947,-74.2929807,40.7647537,-73.7250832,74131.2
way/445852457way/409831746,way/445852457,way/409831746,Stein Field,Calvert Field,40.5969947,-74.2929807,40.8326797,-73.4920356,98973.4
way/445852457way/981858308,way/445852457,way/981858308,Stein Field,,40.5969947,-74.2929807,40.7816228,-73.6743688,79695.3
way/445852457way/916885477,way/445852457,way/916885477,Stein Field,,40.5969947,-74.2929807,40.840043,-73.7074015,85542.8
way/445852457way/367482920,way/445852457,way/367482920,Stein Field,Sergeant Collins Triangle,40.5969947,-74.2929807,40.751779,-73.902945,62058.6
way/445852457way/755070460,way/445852457,way/755070460,Stein Field,Nature Study Woods,40.5969947,-74.2929807,40.9356728,-73.8025819,68783.4
relation/17283039way/701209222,relation/17283039,way/701209222,Nassau Mall,Stewart Field,40.7647537,-73.7250832,40.7319938,-73.6159393,14233.3
relation/17283039way/601388078,relation/17283039,way/601388078,Nassau Mall,Railroad Playground,40.7647537,-73.7250832,40.6494403,-73.9143004,30718.5
relation/17283039way/496524239,relation/17283039,way/496524239,Nassau Mall,Halsey Pond Park,40.7647537,-73.7250832,41.0283515,-73.8587462,49906.3
relation/17283039way/187680299,relation/17283039,way/187680299,Nassau Mall,Olmezer Park,40.7647537,-73.7250832,40.5504805,-74.3665681,86333
relation/17283039way/469203131,relation/17283039,way/469203131,Nassau Mall,Joseph F. Mafera Park,40.7647537,-73.7250832,40.7070248,-73.8912414,20174.2
relation/17283039way/334803989,relation/17283039,way/334803989,Nassau Mall,Civil War Monument Park,40.7647537,-73.7250832,40.9973838,-73.6682347,42294.3
relation/17283039way/639082317,relation/17283039,way/639082317,Nassau Mall,Huddy Park,40.7647537,-73.7250832,40.4048161,-73.9942834,115498.5
relation/17283039way/1180028681,relation/17283039,way/1180028681,Nassau Mall,Veterans Memorial Park,40.7647537,-73.7250832,40.8964486,-73.9731078,33899.2
relation/17283039way/225189513,relation/17283039,way/225189513,Nassau Mall,Poor Richard's Playground,40.7647537,-73.7250832,40.7926185,-73.9426331,28376.8
relation/17283039way/676105729,relation/17283039,way/676105729,Nassau Mall,,40.7647537,-73.7250832,40.7541286,-73.8249625,10504.2
relation/17283039node/357637130,relation/17283039,node/357637130,Nassau Mall,Georgia Avenue Garden,40.7647537,-73.7250832,40.6611111,-73.8941667,28123.4
relation/17283039node/357610721,relation/17283039,node/357610721,Nassau Mall,Veteran's Memorial Park,40.7647537,-73.7250832,41.0408397,-73.9819517,55752.6
relation/17283039way/607557302,relation/17283039,way/607557302,Nassau Mall,,40.7647537,-73.7250832,40.6597213,-74.2520383,69584.8
relation/17283039way/445852457,relation/17283039,way/445852457,Nassau Mall,Stein Field,40.7647537,-73.7250832,40.5969947,-74.2929807,76419.8
relation/17283039way/409831746,relation/17283039,way/409831746,Nassau Mall,Calvert Field,40.7647537,-73.7250832,40.8326797,-73.4920356,25358
relation/17283039way/981858308,relation/17283039,way/981858308,Nassau Mall,,40.7647537,-73.7250832,40.7816228,-73.6743688,6079.9
relation/17283039way/916885477,relation/17283039,way/916885477,Nassau Mall,,40.7647537,-73.7250832,40.840043,-73.7074015,11927.4
relation/17283039way/367482920,relation/17283039,way/367482920,Nassau Mall,Sergeant Collins Triangle,40.7647537,-73.7250832,40.751779,-73.902945,17561.5
relation/17283039way/755070460,relation/17283039,way/755070460,Nassau Mall,Nature Study Woods,40.7647537,-73.7250832,40.9356728,-73.8025819,32058.1
way/409831746way/701209222,way/409831746,way/701209222,Calvert Field,Stewart Field,40.8326797,-73.4920356,40.7319938,-73.6159393,23014
way/409831746way/601388078,way/409831746,way/601388078,Calvert Field,Railroad Playground,40.8326797,-73.4920356,40.6494403,-73.9143004,57700.2
way/409831746way/496524239,way/409831746,way/496524239,Calvert Field,Halsey Pond Park,40.8326797,-73.4920356,41.0283515,-73.8587462,75468.9
way/409831746way/187680299,way/409831746,way/187680299,Calvert Field,Olmezer Park,40.8326797,-73.4920356,40.5504805,-74.3665681,111895.6
way/409831746way/469203131,way/409831746,way/469203131,Calvert Field,Joseph F. Mafera Park,40.8326797,-73.4920356,40.7070248,-73.8912414,45736.9
way/409831746way/334803989,way/409831746,way/334803989,Calvert Field,Civil War Monument Park,40.8326797,-73.4920356,40.9973838,-73.6682347,67857
way/409831746way/639082317,way/409831746,way/639082317,Calvert Field,Huddy Park,40.8326797,-73.4920356,40.4048161,-73.9942834,141061.1
way/409831746way/1180028681,way/409831746,way/1180028681,Calvert Field,Veterans Memorial Park,40.8326797,-73.4920356,40.8964486,-73.9731078,59461.8
way/409831746way/225189513,way/409831746,way/225189513,Calvert Field,Poor Richard's Playground,40.8326797,-73.4920356,40.7926185,-73.9426331,53939.4
way/409831746way/676105729,way/409831746,way/676105729,Calvert Field,,40.8326797,-73.4920356,40.7541286,-73.8249625,36066.8
way/409831746node/357637130,way/409831746,node/357637130,Calvert Field,Georgia Avenue Garden,40.8326797,-73.4920356,40.6611111,-73.8941667,55105.1
way/409831746node/357610721,way/409831746,node/357610721,Calvert Field,Veteran's Memorial Park,40.8326797,-73.4920356,41.0408397,-73.9819517,81315.2
way/409831746way/607557302,way/409831746,way/607557302,Calvert Field,,40.8326797,-73.4920356,40.6597213,-74.2520383,95147.5
way/409831746way/445852457,way/409831746,way/445852457,Calvert Field,Stein Field,40.8326797,-73.4920356,40.5969947,-74.2929807,101982.4
way/409831746relation/17283039,way/409831746,relation/17283039,Calvert Field,Nassau Mall,40.8326797,-73.4920356,40.7647537,-73.7250832,25697
way/409831746way/981858308,way/409831746,way/981858308,Calvert Field,,40.8326797,-73.4920356,40.7816228,-73.6743688,21439.6
way/409831746way/916885477,way/409831746,way/916885477,Calvert Field,,40.8326797,-73.4920356,40.840043,-73.7074015,26182.9
way/409831746way/367482920,way/409831746,way/367482920,Calvert Field,Sergeant Collins Triangle,40.8326797,-73.4920356,40.751779,-73.902945,43124.1
way/409831746way/755070460,way/409831746,way/755070460,Calvert Field,Nature Study Woods,40.8326797,-73.4920356,40.9356728,-73.8025819,57620.7
way/981858308way/701209222,way/981858308,way/701209222,,Stewart Field,40.7816228,-73.6743688,40.7319938,-73.6159393,10305
way/981858308way/601388078,way/981858308,way/601388078,,Railroad Playground,40.7816228,-73.6743688,40.6494403,-73.9143004,36480
way/981858308way/496524239,way/981858308,way/496524239,,Halsey Pond Park,40.7816228,-73.6743688,41.0283515,-73.8587462,55667.7
way/981858308way/187680299,way/981858308,way/187680299,,Olmezer Park,40.7816228,-73.6743688,40.5504805,-74.3665681,92094.4
way/981858308way/469203131,way/981858308,way/469203131,,Joseph F. Mafera Park,40.7816228,-73.6743688,40.7070248,-73.8912414,25935.7
way/981858308way/334803989,way/981858308,way/334803989,,Civil War Monument Park,40.7816228,-73.6743688,40.9973838,-73.6682347,48055.8
way/981858308way/639082317,way/981858308,way/639082317,,Huddy Park,40.7816228,-73.6743688,40.4048161,-73.9942834,121259.9
way/981858308way/1180028681,way/981858308,way/1180028681,,Veterans Memorial Park,40.7816228,-73.6743688,40.8964486,-73.9731078,39660.6
way/981858308way/225189513,way/981858308,way/225189513,,Poor Richard's Playground,40.7816228,-73.6743688,40.7926185,-73.9426331,34138.2
way/981858308way/676105729,way/981858308,way/676105729,,,40.7816228,-73.6743688,40.7541286,-73.8249625,16265.6
way/981858308node/357637130,way/981858308,node/357637130,,Georgia Avenue Garden,40.7816228,-73.6743688,40.6611111,-73.8941667,33884.9
way/981858308node/357610721,way/981858308,node/357610721,,Veteran's Memorial Park,40.7816228,-73.6743688,41.0408397,-73.9819517,61514
way/981858308way/607557302,way/981858308,way/607557302,,,40.7816228,-73.6743688,40.6597213,-74.2520383,75346.3
way/981858308way/445852457,way/981858308,way/445852457,,Stein Field,40.7816228,-73.6743688,40.5969947,-74.2929807,82181.2
way/981858308relation/17283039,way/981858308,relation/17283039,,Nassau Mall,40.7816228,-73.6743688,40.7647537,-73.7250832,5895.8
way/981858308way/409831746,way/981858308,way/409831746,,Calvert Field,40.7816228,-73.6743688,40.8326797,-73.4920356,21129.5
way/981858308way/916885477,way/981858308,way/916885477,,,40.7816228,-73.6743688,40.840043,-73.7074015,9149.4
way/981858308way/367482920,way/981858308,way/367482920,,Sergeant Collins Triangle,40.7816228,-73.6743688,40.751779,-73.902945,23322.9
way/981858308way/755070460,way/981858308,way/755070460,,Nature Study Woods,40.7816228,-73.6743688,40.9356728,-73.8025819,37819.5
way/916885477way/701209222,way/916885477,way/701209222,,Stewart Field,40.840043,-73.7074015,40.7319938,-73.6159393,20412.7
way/916885477way/601388078,way/916885477,way/601388078,,Railroad Playground,40.840043,-73.7074015,40.6494403,-73.9143004,42359.2
way/916885477way/496524239,way/916885477,way/496524239,,Halsey Pond Park,40.840043,-73.7074015,41.0283515,-73.8587462,61546.9
way/916885477way/187680299,way/916885477,way/187680299,,Olmezer Park,40.840043,-73.7074015,40.5504805,-74.3665681,97973.7
way/916885477way/469203131,way/916885477,way/469203131,,Joseph F. Mafera Park,40.840043,-73.7074015,40.7070248,-73.8912414,31814.9
way/916885477way/334803989,way/916885477,way/334803989,,Civil War Monument Park,40.840043,-73.7074015,40.9973838,-73.6682347,53935
way/916885477way/639082317,way/916885477,way/639082317,,Huddy Park,40.840043,-73.7074015,40.4048161,-73.9942834,127139.2
way/916885477way/1180028681,way/916885477,way/1180028681,,Veterans Memorial Park,40.840043,-73.7074015,40.8964486,-73.9731078,45539.8
way/916885477way/225189513,way/916885477,way/225189513,,Poor Richard's Playground,40.840043,-73.7074015,40.7926185,-73.9426331,40017.5
way/916885477way/676105729,way/916885477,way/676105729,,,40.840043,-73.7074015,40.7541286,-73.8249625,22144.8
way/916885477node/357637130,way/916885477,node/357637130,,Georgia Avenue Garden,40.840043,-73.7074015,40.6611111,-73.8941667,39764.1
way/916885477node/357610721,way/916885477,node/357610721,,Veteran's Memorial Park,40.840043,-73.7074015,41.0408397,-73.9819517,67393.3
way/916885477way/607557302,way/916885477,way/607557302,,,40.840043,-73.7074015,40.6597213,-74.2520383,81225.5
way/916885477way/445852457,way/916885477,way/445852457,,Stein Field,40.840043,-73.7074015,40.5969947,-74.2929807,88060.5
way/916885477relation/17283039,way/916885477,relation/17283039,,Nassau Mall,40.840043,-73.7074015,40.7647537,-73.7250832,11775
way/916885477way/409831746,way/916885477,way/409831746,,Calvert Field,40.840043,-73.7074015,40.8326797,-73.4920356,26195
way/916885477way/981858308,way/916885477,way/981858308,,,40.840043,-73.7074015,40.7816228,-73.6743688,9130.8
way/916885477way/367482920,way/916885477,way/367482920,,Sergeant Collins Triangle,40.840043,-73.7074015,40.751779,-73.902945,29202.1
way/916885477way/755070460,way/916885477,way/755070460,,Nature Study Woods,40.840043,-73.7074015,40.9356728,-73.8025819,43698.7
way/367482920way/701209222,way/367482920,way/701209222,Sergeant Collins Triangle,Stewart Field,40.751779,-73.902945,40.7319938,-73.6159393,32676.2
way/367482920way/601388078,way/367482920,way/601388078,Sergeant Collins Triangle,Railroad Playground,40.751779,-73.902945,40.6494403,-73.9143004,28738.4
way/367482920way/496524239,way/367482920,way/496524239,Sergeant Collins Triangle,Halsey Pond Park,40.751779,-73.902945,41.0283515,-73.8587462,39096.7
way/367482920way/187680299,way/367482920,way/187680299,Sergeant Collins Triangle,Olmezer Park,40.751779,-73.902945,40.5504805,-74.3665681,75506.4
way/367482920way/469203131,way/367482920,way/469203131,Sergeant Collins Triangle,Joseph F. Mafera Park,40.751779,-73.902945,40.7070248,-73.8912414,6612.2
way/367482920way/334803989,way/367482920,way/334803989,Sergeant Collins Triangle,Civil War Monument Park,40.751779,-73.902945,40.9973838,-73.6682347,41354.9
way/367482920way/639082317,way/367482920,way/639082317,Sergeant Collins Triangle,Huddy Park,40.751779,-73.902945,40.4048161,-73.9942834,104671.9
way/367482920way/1180028681,way/367482920,way/1180028681,Sergeant Collins Triangle,Veterans Memorial Park,40.751779,-73.902945,40.8964486,-73.9731078,23072.5
way/367482920way/225189513,way/367482920,way/225189513,Sergeant Collins Triangle,Poor Richard's Playground,40.751779,-73.902945,40.7926185,-73.9426331,10987.9
way/367482920way/676105729,way/367482920,way/676105729,Sergeant Collins Triangle,,40.751779,-73.902945,40.7541286,-73.8249625,8088
way/367482920node/357637130,way/367482920,node/357637130,Sergeant Collins Triangle,Georgia Avenue Garden,40.751779,-73.902945,40.6611111,-73.8941667,26143.3
way/367482920node/357610721,way/367482920,node/357610721,Sergeant Collins Triangle,Veteran's Memorial Park,40.751779,-73.902945,41.0408397,-73.9819517,44926
way/367482920way/607557302,way/367482920,way/607557302,Sergeant Collins Triangle,,40.751779,-73.902945,40.6597213,-74.2520383,58758.2
way/367482920way/445852457,way/367482920,way/445852457,Sergeant Collins Triangle,Stein Field,40.751779,-73.902945,40.5969947,-74.2929807,65593.2
way/367482920relation/17283039,way/367482920,relation/17283039,Sergeant Collins Triangle,Nassau Mall,40.751779,-73.902945,40.7647537,-73.7250832,18958.7
way/367482920way/409831746,way/367482920,way/409831746,Sergeant Collins Triangle,Calvert Field,40.751779,-73.902945,40.8326797,-73.4920356,43800.9
way/367482920way/981858308,way/367482920,way/981858308,Sergeant Collins Triangle,,40.751779,-73.902945,40.7816228,-73.6743688,24522.8
way/367482920way/916885477,way/367482920,way/916885477,Sergeant Collins Triangle,,40.751779,-73.902945,40.840043,-73.7074015,30370.3
way/367482920way/755070460,way/367482920,way/755070460,Sergeant Collins Triangle,Nature Study Woods,40.751779,-73.902945,40.9356728,-73.8025819,31118.6
way/755070460way/701209222,way/755070460,way/701209222,Nature Study Woods,Stewart Field,40.9356728,-73.8025819,40.7319938,-73.6159393,45938.1
way/755070460way/601388078,way/755070460,way/601388078,Nature Study Woods,Railroad Playground,40.9356728,-73.8025819,40.6494403,-73.9143004,47100.5
way/755070460way/496524239,way/755070460,way/496524239,Nature Study Woods,Halsey Pond Park,40.9356728,-73.8025819,41.0283515,-73.8587462,20389.4
way/755070460way/187680299,way/755070460,way/187680299,Nature Study Woods,Olmezer Park,40.9356728,-73.8025819,40.5504805,-74.3665681,85969.2
way/755070460way/469203131,way/755070460,way/469203131,Nature Study Woods,Joseph F. Mafera Park,40.9356728,-73.8025819,40.7070248,-73.8912414,39263.9
way/755070460way/334803989,way/755070460,way/334803989,Nature Study Woods,Civil War Monument Park,40.9356728,-73.8025819,40.9973838,-73.6682347,18705
way/755070460way/639082317,way/755070460,way/639082317,Nature Study Woods,Huddy Park,40.9356728,-73.8025819,40.4048161,-73.9942834,115134.7
way/755070460way/1180028681,way/755070460,way/1180028681,Nature Study Woods,Veterans Memorial Park,40.9356728,-73.8025819,40.8964486,-73.9731078,33535.4
way/755070460way/225189513,way/755070460,way/225189513,Nature Study Woods,Poor Richard's Playground,40.9356728,-73.8025819,40.7926185,-73.9426331,28001.8
way/755070460way/676105729,way/755070460,way/676105729,Nature Study Woods,,40.9356728,-73.8025819,40.7541286,-73.8249625,25737.8
way/755070460node/357637130,way/755070460,node/357637130,Nature Study Woods,Georgia Avenue Garden,40.9356728,-73.8025819,40.6611111,-73.8941667,44505.4
way/755070460node/357610721,way/755070460,node/357610721,Nature Study Woods,Veteran's Memorial Park,40.9356728,-73.8025819,41.0408397,-73.9819517,43591.4
way/755070460way/607557302,way/755070460,way/607557302,Nature Study Woods,,40.9356728,-73.8025819,40.6597213,-74.2520383,69221.1
way/755070460way/445852457,way/755070460,way/445852457,Nature Study Woods,Stein Field,40.9356728,-73.8025819,40.5969947,-74.2929807,76056
way/755070460relation/17283039,way/755070460,relation/17283039,Nature Study Woods,Nassau Mall,40.9356728,-73.8025819,40.7647537,-73.7250832,32220.7
way/755070460way/409831746,way/755070460,way/409831746,Nature Study Woods,Calvert Field,40.9356728,-73.8025819,40.8326797,-73.4920356,57062.9
way/755070460way/981858308,way/755070460,way/981858308,Nature Study Woods,,40.9356728,-73.8025819,40.7816228,-73.6743688,37784.8
way/755070460way/916885477,way/755070460,way/916885477,Nature Study Woods,,40.9356728,-73.8025819,40.840043,-73.7074015,43632.3
way/755070460way/367482920,way/755070460,way/367482920,Nature Study Woods,Sergeant Collins Triangle,40.9356728,-73.8025819,40.751779,-73.902945,31428.1
